Year,Month,IR_Type,Stat_Type,2004Q1,2004Q2,2004Q3,2004Q4,2005Q1,2005Q2,2005Q3,2005Q4,2006Q1,2006Q2,2006Q3,2006Q4,2007Q1,2007Q2,2007Q3,2007Q4,2008Q1,2008Q2,2008Q3,2008Q4,2009Q1,2009Q2,2009Q3,2009Q4,2010Q1,2010Q2,2010Q3,2010Q4,2011Q1,2011Q2,2011Q3,2011Q4,2012Q1,2012Q2,2012Q3,2012Q4,2013Q1,2013Q2,2013Q3,2013Q4,2014Q1,2014Q2,2014Q3,2014Q4,2015Q1,2015Q2,2015Q3,2015Q4,2016Q1,2016Q2,2016Q3,2016Q4,2017Q1,2017Q2
,,,Mode,1.34,1.60,1.60,1.72,1.80,1.74,1.79,1.89,2.03,,,,,,,,,,,,,,,,,,,,,,,,,,,,,,,,,,,,,,,,,,,,,
2004,February,4.00,Median,1.34,1.60,1.60,1.72,1.80,1.74,1.79,1.89,2.03,,,,,,,,,,,,,,,,,,,,,,,,,,,,,,,,,,,,,,,,,,,,,
,,,Mean,1.34,1.60,1.60,1.72,1.80,1.74,1.79,1.89,2.03,,,,,,,,,,,,,,,,,,,,,,,,,,,,,,,,,,,,,,,,,,,,,
,,,Uncertainty,0.22,0.31,0.38,0.43,0.45,0.48,0.52,0.55,0.58,,,,,,,,,,,,,,,,,,,,,,,,,,,,,,,,,,,,,,,,,,,,,
,,,Skew,0.00,0.00,0.00,0.00,0.00,0.00,0.00,0.00,0.00,,,,,,,,,,,,,,,,,,,,,,,,,,,,,,,,,,,,,,,,,,,,,
,,,Market Mode,1.34,1.60,1.60,1.71,1.77,1.68,1.71,1.76,1.87,,,,,,,,,,,,,,,,,,,,,,,,,,,,,,,,,,,,,,,,,,,,,
,,Market,Market Median,1.34,1.60,1.60,1.71,1.77,1.68,1.71,1.76,1.87,,,,,,,,,,,,,,,,,,,,,,,,,,,,,,,,,,,,,,,,,,,,,
,,,Market Mean,1.34,1.60,1.60,1.71,1.77,1.68,1.71,1.76,1.87,,,,,,,,,,,,,,,,,,,,,,,,,,,,,,,,,,,,,,,,,,,,,
,,,Uncertainty,0.22,0.31,0.38,0.43,0.45,0.48,0.52,0.55,0.58,,,,,,,,,,,,,,,,,,,,,,,,,,,,,,,,,,,,,,,,,,,,,
,,,Skew,0.00,0.00,0.00,0.00,0.00,0.00,0.00,0.00,0.00,,,,,,,,,,,,,,,,,,,,,,,,,,,,,,,,,,,,,,,,,,,,,
,,,Mode,,1.46,1.36,1.39,1.44,1.63,1.77,1.85,2.10,2.27,,,,,,,,,,,,,,,,,,,,,,,,,,,,,,,,,,,,,,,,,,,,
,May,4.25,Median,,1.46,1.36,1.39,1.44,1.63,1.77,1.85,2.10,2.27,,,,,,,,,,,,,,,,,,,,,,,,,,,,,,,,,,,,,,,,,,,,
,,,Mean,,1.46,1.36,1.39,1.44,1.63,1.77,1.85,2.10,2.27,,,,,,,,,,,,,,,,,,,,,,,,,,,,,,,,,,,,,,,,,,,,
,,,Uncertainty,,0.21,0.30,0.36,0.41,0.43,0.45,0.49,0.54,0.56,,,,,,,,,,,,,,,,,,,,,,,,,,,,,,,,,,,,,,,,,,,,
,,,Skew,,0.00,0.00,0.00,0.00,0.00,0.00,0.00,0.00,0.00,,,,,,,,,,,,,,,,,,,,,,,,,,,,,,,,,,,,,,,,,,,,
,,,Market Mode,,1.46,1.36,1.39,1.43,1.60,1.71,1.76,1.98,2.13,,,,,,,,,,,,,,,,,,,,,,,,,,,,,,,,,,,,,,,,,,,,
,,Market,Market Median,,1.46,1.36,1.39,1.43,1.60,1.71,1.76,1.98,2.13,,,,,,,,,,,,,,,,,,,,,,,,,,,,,,,,,,,,,,,,,,,,
,,,Market Mean,,1.46,1.36,1.39,1.43,1.60,1.71,1.76,1.98,2.13,,,,,,,,,,,,,,,,,,,,,,,,,,,,,,,,,,,,,,,,,,,,
,,,Uncertainty,,0.21,0.30,0.36,0.41,0.43,0.45,0.49,0.54,0.56,,,,,,,,,,,,,,,,,,,,,,,,,,,,,,,,,,,,,,,,,,,,
,,,Skew,,0.00,0.00,0.00,0.00,0.00,0.00,0.00,0.00,0.00,,,,,,,,,,,,,,,,,,,,,,,,,,,,,,,,,,,,,,,,,,,,
,,,Market Mode,,,1.18,1.22,1.32,1.38,1.53,1.53,1.64,1.96,2.01,2.01,2.05,2.06,2.08,,,,,,,,,,,,,,,,,,,,,,,,,,,,,,,,,,,,,,,
,August,Market,Market Median,,,1.18,1.22,1.32,1.38,1.53,1.53,1.64,1.96,2.01,2.01,2.05,2.06,2.08,,,,,,,,,,,,,,,,,,,,,,,,,,,,,,,,,,,,,,,
,,,Market Mean,,,1.18,1.22,1.32,1.38,1.53,1.53,1.64,1.96,2.01,2.01,2.05,2.06,2.08,,,,,,,,,,,,,,,,,,,,,,,,,,,,,,,,,,,,,,,
,,,Uncertainty,,,0.21,0.29,0.35,0.39,0.42,0.45,0.49,0.54,0.57,0.60,0.61,0.62,0.63,,,,,,,,,,,,,,,,,,,,,,,,,,,,,,,,,,,,,,,
,,,Skew,,,0.00,0.00,0.00,0.00,0.00,0.00,0.00,0.00,0.00,0.00,0.00,0.00,0.00,,,,,,,,,,,,,,,,,,,,,,,,,,,,,,,,,,,,,,,
,,,Mode,,,1.18,1.22,1.32,1.39,1.55,1.57,1.70,2.04,2.10,,,,,,,,,,,,,,,,,,,,,,,,,,,,,,,,,,,,,,,,,,,
,,4.75,Median,,,1.18,1.22,1.32,1.39,1.55,1.57,1.70,2.04,2.10,,,,,,,,,,,,,,,,,,,,,,,,,,,,,,,,,,,,,,,,,,,
,,,Mean,,,1.18,1.22,1.32,1.39,1.55,1.57,1.70,2.04,2.10,,,,,,,,,,,,,,,,,,,,,,,,,,,,,,,,,,,,,,,,,,,
,,,Uncertainty,,,0.21,0.29,0.35,0.39,0.42,0.45,0.49,0.54,0.57,,,,,,,,,,,,,,,,,,,,,,,,,,,,,,,,,,,,,,,,,,,
,,,Skew,,,0.00,0.00,0.00,0.00,0.00,0.00,0.00,0.00,0.00,,,,,,,,,,,,,,,,,,,,,,,,,,,,,,,,,,,,,,,,,,,
,,,Market Mode,,,,1.18,1.20,1.36,1.57,1.65,1.73,1.84,1.95,2.03,2.07,2.10,2.14,2.16,,,,,,,,,,,,,,,,,,,,,,,,,,,,,,,,,,,,,,
,November,Market,Market Median,,,,1.14,1.14,1.30,1.49,1.57,1.63,1.72,1.81,1.87,1.91,1.94,1.98,2.00,,,,,,,,,,,,,,,,,,,,,,,,,,,,,,,,,,,,,,
,,,Market Mean,,,,1.13,1.13,1.28,1.47,1.55,1.61,1.69,1.77,1.83,1.87,1.90,1.94,1.96,,,,,,,,,,,,,,,,,,,,,,,,,,,,,,,,,,,,,,
,,,Uncertainty,,,,0.20,0.28,0.34,0.38,0.40,0.43,0.48,0.53,0.57,0.59,0.61,0.62,0.62,,,,,,,,,,,,,,,,,,,,,,,,,,,,,,,,,,,,,,
,,,Skew,,,,-0.05,-0.07,-0.09,-0.10,-0.10,-0.12,-0.15,-0.18,-0.20,-0.20,-0.20,-0.20,-0.20,,,,,,,,,,,,,,,,,,,,,,,,,,,,,,,,,,,,,,
,,,Mode,,,,1.18,1.20,1.36,1.56,1.64,1.72,1.82,1.93,2.01,,,,,,,,,,,,,,,,,,,,,,,,,,,,,,,,,,,,,,,,,,
,,4.75,Median,,,,1.14,1.14,1.29,1.49,1.56,1.62,1.71,1.79,1.85,,,,,,,,,,,,,,,,,,,,,,,,,,,,,,,,,,,,,,,,,,
,,,Mean,,,,1.13,1.13,1.28,1.47,1.54,1.60,1.67,1.75,1.81,,,,,,,,,,,,,,,,,,,,,,,,,,,,,,,,,,,,,,,,,,
,,,Uncertainty,,,,0.20,0.28,0.34,0.38,0.40,0.43,0.48,0.53,0.57,,,,,,,,,,,,,,,,,,,,,,,,,,,,,,,,,,,,,,,,,,
,,,Skew,,,,-0.05,-0.07,-0.09,-0.10,-0.10,-0.12,-0.15,-0.18,-0.20,,,,,,,,,,,,,,,,,,,,,,,,,,,,,,,,,,,,,,,,,,
,,,Market Mode,,,,,1.54,1.58,1.65,1.73,1.80,1.90,2.00,2.09,2.15,2.22,2.25,2.29,2.32,,,,,,,,,,,,,,,,,,,,,,,,,,,,,,,,,,,,,
2005,February,Market,Market Median,,,,,1.50,1.53,1.58,1.65,1.72,1.80,1.88,1.95,1.99,2.06,2.10,2.14,2.16,,,,,,,,,,,,,,,,,,,,,,,,,,,,,,,,,,,,,
,,,Market Mean,,,,,1.49,1.51,1.56,1.63,1.70,1.78,1.85,1.91,1.95,2.02,2.05,2.09,2.12,,,,,,,,,,,,,,,,,,,,,,,,,,,,,,,,,,,,,
,,,Uncertainty,,,,,0.20,0.28,0.34,0.38,0.40,0.43,0.48,0.53,0.56,0.58,0.60,0.61,0.61,,,,,,,,,,,,,,,,,,,,,,,,,,,,,,,,,,,,,
,,,Skew,,,,,-0.05,-0.07,-0.09,-0.10,-0.10,-0.12,-0.15,-0.18,-0.20,-0.20,-0.20,-0.20,-0.20,,,,,,,,,,,,,,,,,,,,,,,,,,,,,,,,,,,,,
,,,Mode,,,,,1.54,1.58,1.65,1.72,1.79,1.88,1.98,2.06,2.12,,,,,,,,,,,,,,,,,,,,,,,,,,,,,,,,,,,,,,,,,
,,4.75,Median,,,,,1.50,1.53,1.58,1.64,1.71,1.78,1.86,1.91,1.96,,,,,,,,,,,,,,,,,,,,,,,,,,,,,,,,,,,,,,,,,
,,,Mean,,,,,1.49,1.51,1.56,1.62,1.69,1.76,1.83,1.88,1.92,,,,,,,,,,,,,,,,,,,,,,,,,,,,,,,,,,,,,,,,,
,,,Uncertainty,,,,,0.20,0.28,0.34,0.38,0.40,0.43,0.48,0.53,0.56,,,,,,,,,,,,,,,,,,,,,,,,,,,,,,,,,,,,,,,,,
,,,Skew,,,,,-0.05,-0.07,-0.09,-0.10,-0.10,-0.12,-0.15,-0.18,-0.20,,,,,,,,,,,,,,,,,,,,,,,,,,,,,,,,,,,,,,,,,
,,,Market Mode,,,,,,1.98,2.06,2.10,2.01,1.86,1.90,1.93,1.96,2.00,2.04,2.09,2.11,2.11,,,,,,,,,,,,,,,,,,,,,,,,,,,,,,,,,,,,
,May,Market,Market Median,,,,,,1.98,2.06,2.10,2.01,1.86,1.90,1.93,1.96,2.00,2.04,2.09,2.11,2.11,,,,,,,,,,,,,,,,,,,,,,,,,,,,,,,,,,,,
,,,Market Mean,,,,,,1.98,2.06,2.10,2.01,1.86,1.90,1.93,1.96,2.00,2.04,2.09,2.11,2.11,,,,,,,,,,,,,,,,,,,,,,,,,,,,,,,,,,,,
,,,Uncertainty,,,,,,0.20,0.28,0.34,0.38,0.40,0.43,0.47,0.51,0.54,0.57,0.58,0.59,0.60,,,,,,,,,,,,,,,,,,,,,,,,,,,,,,,,,,,,
,,,Skew,,,,,,0.00,0.00,0.00,0.00,0.00,0.00,0.00,0.00,0.00,0.00,0.00,0.00,0.00,,,,,,,,,,,,,,,,,,,,,,,,,,,,,,,,,,,,
,,,Mode,,,,,,1.98,2.06,2.10,2.01,1.86,1.89,1.91,1.93,1.97,,,,,,,,,,,,,,,,,,,,,,,,,,,,,,,,,,,,,,,,
,,4.75,Median,,,,,,1.98,2.06,2.10,2.01,1.86,1.89,1.91,1.93,1.97,,,,,,,,,,,,,,,,,,,,,,,,,,,,,,,,,,,,,,,,
,,,Mean,,,,,,1.98,2.06,2.10,2.01,1.86,1.89,1.91,1.93,1.97,,,,,,,,,,,,,,,,,,,,,,,,,,,,,,,,,,,,,,,,
,,,Uncertainty,,,,,,0.20,0.28,0.34,0.38,0.40,0.43,0.47,0.51,0.54,,,,,,,,,,,,,,,,,,,,,,,,,,,,,,,,,,,,,,,,
,,,Skew,,,,,,0.00,0.00,0.00,0.00,0.00,0.00,0.00,0.00,0.00,,,,,,,,,,,,,,,,,,,,,,,,,,,,,,,,,,,,,,,,
,,,Market Mode,,,,,,,2.16,2.30,2.19,2.01,1.91,1.81,1.94,2.13,2.18,2.26,2.34,2.35,2.31,,,,,,,,,,,,,,,,,,,,,,,,,,,,,,,,,,,
,August,Market,Market Median,,,,,,,2.16,2.30,2.19,2.01,1.91,1.80,1.90,2.06,2.10,2.21,2.32,2.34,2.31,,,,,,,,,,,,,,,,,,,,,,,,,,,,,,,,,,,
,,,Market Mean,,,,,,,2.16,2.30,2.19,2.01,1.91,1.79,1.89,2.05,2.08,2.20,2.31,2.34,2.31,,,,,,,,,,,,,,,,,,,,,,,,,,,,,,,,,,,
,,,Uncertainty,,,,,,,0.20,0.28,0.35,0.39,0.41,0.43,0.46,0.50,0.52,0.54,0.56,0.57,0.57,,,,,,,,,,,,,,,,,,,,,,,,,,,,,,,,,,,
,,,Skew,,,,,,,0.00,0.00,0.00,0.00,0.00,-0.02,-0.05,-0.08,-0.10,-0.06,-0.03,-0.01,0.00,,,,,,,,,,,,,,,,,,,,,,,,,,,,,,,,,,,
,,,Mode,,,,,,,2.16,2.30,2.18,1.98,1.86,1.73,1.84,2.01,2.05,,,,,,,,,,,,,,,,,,,,,,,,,,,,,,,,,,,,,,,
,,4.50,Median,,,,,,,2.16,2.30,2.18,1.98,1.86,1.72,1.80,1.94,1.97,,,,,,,,,,,,,,,,,,,,,,,,,,,,,,,,,,,,,,,
,,,Mean,,,,,,,2.16,2.30,2.18,1.98,1.86,1.71,1.79,1.93,1.95,,,,,,,,,,,,,,,,,,,,,,,,,,,,,,,,,,,,,,,
,,,Uncertainty,,,,,,,0.20,0.28,0.35,0.39,0.41,0.43,0.46,0.50,0.52,,,,,,,,,,,,,,,,,,,,,,,,,,,,,,,,,,,,,,,
,,,Skew,,,,,,,0.00,0.00,0.00,0.00,0.00,-0.02,-0.05,-0.08,-0.10,,,,,,,,,,,,,,,,,,,,,,,,,,,,,,,,,,,,,,,
,,,Market Mode,,,,,,,,2.23,2.16,2.03,1.85,1.77,1.81,1.84,1.89,1.95,2.04,2.07,2.08,2.11,,,,,,,,,,,,,,,,,,,,,,,,,,,,,,,,,,
,November,Market,Market Median,,,,,,,,2.23,2.16,2.03,1.85,1.77,1.81,1.84,1.89,1.95,2.04,2.07,2.08,2.11,,,,,,,,,,,,,,,,,,,,,,,,,,,,,,,,,,
,,,Market Mean,,,,,,,,2.23,2.16,2.03,1.85,1.77,1.81,1.84,1.89,1.95,2.04,2.07,2.08,2.11,,,,,,,,,,,,,,,,,,,,,,,,,,,,,,,,,,
,,,Uncertainty,,,,,,,,0.25,0.34,0.42,0.47,0.49,0.50,0.50,0.51,0.53,0.55,0.57,0.58,0.58,,,,,,,,,,,,,,,,,,,,,,,,,,,,,,,,,,
,,,Skew,,,,,,,,0.00,0.00,0.00,0.00,0.00,0.00,0.00,0.00,0.00,0.00,0.00,0.00,0.00,,,,,,,,,,,,,,,,,,,,,,,,,,,,,,,,,,
,,,Mode,,,,,,,,2.23,2.16,2.03,1.84,1.75,1.79,1.81,1.87,1.95,,,,,,,,,,,,,,,,,,,,,,,,,,,,,,,,,,,,,,
,,4.50,Median,,,,,,,,2.23,2.16,2.03,1.84,1.75,1.79,1.81,1.87,1.95,,,,,,,,,,,,,,,,,,,,,,,,,,,,,,,,,,,,,,
,,,Mean,,,,,,,,2.23,2.16,2.03,1.84,1.75,1.79,1.81,1.87,1.95,,,,,,,,,,,,,,,,,,,,,,,,,,,,,,,,,,,,,,
,,,Uncertainty,,,,,,,,0.25,0.34,0.42,0.47,0.49,0.50,0.50,0.51,0.53,,,,,,,,,,,,,,,,,,,,,,,,,,,,,,,,,,,,,,
,,,Skew,,,,,,,,0.00,0.00,0.00,0.00,0.00,0.00,0.00,0.00,0.00,,,,,,,,,,,,,,,,,,,,,,,,,,,,,,,,,,,,,,
,,,Market Mode,,,,,,,,,1.96,1.94,1.97,2.00,2.03,2.04,2.05,2.04,2.03,2.01,2.01,2.01,2.01,,,,,,,,,,,,,,,,,,,,,,,,,,,,,,,,,
2006,February,Market,Market Median,,,,,,,,,1.96,1.94,1.97,2.00,2.03,2.04,2.05,2.04,2.03,2.01,2.01,2.01,2.01,,,,,,,,,,,,,,,,,,,,,,,,,,,,,,,,,
,,,Market Mean,,,,,,,,,1.96,1.94,1.97,2.00,2.03,2.04,2.05,2.04,2.03,2.01,2.01,2.01,2.01,,,,,,,,,,,,,,,,,,,,,,,,,,,,,,,,,
,,,Uncertainty,,,,,,,,,0.21,0.29,0.35,0.39,0.41,0.44,0.48,0.52,0.55,0.57,0.59,0.60,0.60,,,,,,,,,,,,,,,,,,,,,,,,,,,,,,,,,
,,,Skew,,,,,,,,,0.00,0.00,0.00,0.00,0.00,0.00,0.00,0.00,0.00,0.00,0.00,0.00,0.00,,,,,,,,,,,,,,,,,,,,,,,,,,,,,,,,,
,,,Mode,,,,,,,,,1.96,1.94,1.96,1.98,2.00,2.00,2.00,2.00,2.00,,,,,,,,,,,,,,,,,,,,,,,,,,,,,,,,,,,,,
,,4.50,Median,,,,,,,,,1.96,1.94,1.96,1.98,2.00,2.00,2.00,2.00,2.00,,,,,,,,,,,,,,,,,,,,,,,,,,,,,,,,,,,,,
,,,Mean,,,,,,,,,1.96,1.94,1.96,1.98,2.00,2.00,2.00,2.00,2.00,,,,,,,,,,,,,,,,,,,,,,,,,,,,,,,,,,,,,
,,,Uncertainty,,,,,,,,,0.21,0.29,0.35,0.39,0.41,0.44,0.48,0.52,0.55,,,,,,,,,,,,,,,,,,,,,,,,,,,,,,,,,,,,,
,,,Skew,,,,,,,,,0.00,0.00,0.00,0.00,0.00,0.00,0.00,0.00,0.00,,,,,,,,,,,,,,,,,,,,,,,,,,,,,,,,,,,,,
,,,Market Mode,,,,,,,,,,2.27,2.19,2.33,2.35,2.12,2.10,2.09,2.06,2.01,1.99,1.99,1.98,1.97,,,,,,,,,,,,,,,,,,,,,,,,,,,,,,,,
,May,Market,Market Median,,,,,,,,,,2.27,2.19,2.33,2.35,2.12,2.10,2.09,2.06,2.01,1.99,1.99,1.98,1.97,,,,,,,,,,,,,,,,,,,,,,,,,,,,,,,,
,,,Market Mean,,,,,,,,,,2.27,2.19,2.33,2.35,2.12,2.10,2.09,2.06,2.01,1.99,1.99,1.98,1.97,,,,,,,,,,,,,,,,,,,,,,,,,,,,,,,,
,,,Uncertainty,,,,,,,,,,0.20,0.29,0.35,0.39,0.41,0.44,0.48,0.53,0.56,0.59,0.60,0.61,0.62,,,,,,,,,,,,,,,,,,,,,,,,,,,,,,,,
,,,Skew,,,,,,,,,,0.00,0.00,0.00,0.00,0.00,0.00,0.00,0.00,0.00,0.00,0.00,0.00,0.00,,,,,,,,,,,,,,,,,,,,,,,,,,,,,,,,
,,,Mode,,,,,,,,,,2.27,2.19,2.33,2.35,2.13,2.13,2.13,2.14,2.11,,,,,,,,,,,,,,,,,,,,,,,,,,,,,,,,,,,,
,,4.50,Median,,,,,,,,,,2.27,2.19,2.33,2.35,2.13,2.13,2.13,2.14,2.11,,,,,,,,,,,,,,,,,,,,,,,,,,,,,,,,,,,,
,,,Mean,,,,,,,,,,2.27,2.19,2.33,2.35,2.13,2.13,2.13,2.14,2.11,,,,,,,,,,,,,,,,,,,,,,,,,,,,,,,,,,,,
,,,Uncertainty,,,,,,,,,,0.20,0.29,0.35,0.39,0.41,0.44,0.48,0.53,0.56,,,,,,,,,,,,,,,,,,,,,,,,,,,,,,,,,,,,
,,,Skew,,,,,,,,,,0.00,0.00,0.00,0.00,0.00,0.00,0.00,0.00,0.00,,,,,,,,,,,,,,,,,,,,,,,,,,,,,,,,,,,,
,,,Market Mode,,,,,,,,,,,2.32,2.71,2.76,2.56,2.37,2.19,2.20,2.11,2.05,2.06,2.07,2.05,2.06,,,,,,,,,,,,,,,,,,,,,,,,,,,,,,,
,August,Market,Market Median,,,,,,,,,,,2.32,2.71,2.76,2.56,2.37,2.19,2.20,2.11,2.05,2.06,2.07,2.05,2.06,,,,,,,,,,,,,,,,,,,,,,,,,,,,,,,
,,,Market Mean,,,,,,,,,,,2.32,2.71,2.76,2.56,2.37,2.19,2.20,2.11,2.05,2.06,2.07,2.05,2.06,,,,,,,,,,,,,,,,,,,,,,,,,,,,,,,
,,,Uncertainty,,,,,,,,,,,0.28,0.39,0.46,0.50,0.52,0.55,0.60,0.64,0.67,0.68,0.68,0.70,0.70,,,,,,,,,,,,,,,,,,,,,,,,,,,,,,,
,,,Skew,,,,,,,,,,,0.00,0.00,0.00,0.00,0.00,0.00,0.00,0.00,0.00,0.00,0.00,0.00,0.00,,,,,,,,,,,,,,,,,,,,,,,,,,,,,,,
,,,Mode,,,,,,,,,,,2.32,2.71,2.75,2.55,2.35,2.18,2.21,2.14,2.11,,,,,,,,,,,,,,,,,,,,,,,,,,,,,,,,,,,
,,4.75,Median,,,,,,,,,,,2.32,2.71,2.75,2.55,2.35,2.18,2.21,2.14,2.11,,,,,,,,,,,,,,,,,,,,,,,,,,,,,,,,,,,
,,,Mean,,,,,,,,,,,2.32,2.71,2.75,2.55,2.35,2.18,2.21,2.14,2.11,,,,,,,,,,,,,,,,,,,,,,,,,,,,,,,,,,,
,,,Uncertainty,,,,,,,,,,,0.28,0.39,0.46,0.50,0.52,0.55,0.60,0.64,0.67,,,,,,,,,,,,,,,,,,,,,,,,,,,,,,,,,,,
,,,Skew,,,,,,,,,,,0.00,0.00,0.00,0.00,0.00,0.00,0.00,0.00,0.00,,,,,,,,,,,,,,,,,,,,,,,,,,,,,,,,,,,
,,,Market Mode,,,,,,,,,,,,2.56,2.68,2.36,2.06,2.03,2.00,1.98,1.97,1.98,1.96,1.97,1.96,1.99,,,,,,,,,,,,,,,,,,,,,,,,,,,,,,
,November,Market,Market Median,,,,,,,,,,,,2.56,2.68,2.36,2.06,2.03,2.00,1.98,1.97,1.98,1.96,1.97,1.96,1.99,,,,,,,,,,,,,,,,,,,,,,,,,,,,,,
,,,Market Mean,,,,,,,,,,,,2.56,2.68,2.36,2.06,2.03,2.00,1.98,1.97,1.98,1.96,1.97,1.96,1.99,,,,,,,,,,,,,,,,,,,,,,,,,,,,,,
,,,Uncertainty,,,,,,,,,,,,0.28,0.39,0.47,0.51,0.53,0.55,0.60,0.64,0.66,0.68,0.68,0.69,0.70,,,,,,,,,,,,,,,,,,,,,,,,,,,,,,
,,,Skew,,,,,,,,,,,,0.00,0.00,0.00,0.00,0.00,0.00,0.00,0.00,0.00,0.00,0.00,0.00,0.00,,,,,,,,,,,,,,,,,,,,,,,,,,,,,,
,,,Mode,,,,,,,,,,,,2.56,2.67,2.36,2.06,2.04,2.03,2.02,2.03,2.03,,,,,,,,,,,,,,,,,,,,,,,,,,,,,,,,,,
,,5.00,Median,,,,,,,,,,,,2.56,2.67,2.36,2.06,2.04,2.03,2.02,2.03,2.03,,,,,,,,,,,,,,,,,,,,,,,,,,,,,,,,,,
,,,Mean,,,,,,,,,,,,2.56,2.67,2.36,2.06,2.04,2.03,2.02,2.03,2.03,,,,,,,,,,,,,,,,,,,,,,,,,,,,,,,,,,
,,,Uncertainty,,,,,,,,,,,,0.28,0.39,0.47,0.51,0.53,0.55,0.60,0.64,0.66,,,,,,,,,,,,,,,,,,,,,,,,,,,,,,,,,,
,,,Skew,,,,,,,,,,,,0.00,0.00,0.00,0.00,0.00,0.00,0.00,0.00,0.00,,,,,,,,,,,,,,,,,,,,,,,,,,,,,,,,,,
,,,Market Mode,,,,,,,,,,,,,2.90,2.56,2.24,2.02,1.79,1.83,1.88,1.93,2.00,1.98,1.92,1.85,1.80,,,,,,,,,,,,,,,,,,,,,,,,,,,,,
2007,February,Market,Market Median,,,,,,,,,,,,,2.86,2.51,2.17,1.94,1.71,1.80,1.93,2.05,2.16,2.14,2.08,2.01,1.95,,,,,,,,,,,,,,,,,,,,,,,,,,,,,
,,,Market Mean,,,,,,,,,,,,,2.85,2.49,2.16,1.92,1.69,1.79,1.94,2.08,2.20,2.18,2.12,2.05,2.00,,,,,,,,,,,,,,,,,,,,,,,,,,,,,
,,,Uncertainty,,,,,,,,,,,,,0.30,0.42,0.52,0.58,0.61,0.64,0.66,0.68,0.70,0.71,0.71,0.72,0.73,,,,,,,,,,,,,,,,,,,,,,,,,,,,,
,,,Skew,,,,,,,,,,,,,-0.05,-0.07,-0.09,-0.10,-0.10,-0.04,0.06,0.15,0.20,0.20,0.20,0.20,0.20,,,,,,,,,,,,,,,,,,,,,,,,,,,,,
,,,Mode,,,,,,,,,,,,,2.90,2.56,2.26,2.06,1.86,1.94,2.01,2.07,2.13,,,,,,,,,,,,,,,,,,,,,,,,,,,,,,,,,
,,5.25,Median,,,,,,,,,,,,,2.86,2.51,2.19,1.98,1.78,1.91,2.06,2.19,2.29,,,,,,,,,,,,,,,,,,,,,,,,,,,,,,,,,
,,,Mean,,,,,,,,,,,,,2.85,2.49,2.17,1.96,1.76,1.90,2.07,2.22,2.33,,,,,,,,,,,,,,,,,,,,,,,,,,,,,,,,,
,,,Uncertainty,,,,,,,,,,,,,0.30,0.42,0.52,0.58,0.61,0.64,0.66,0.68,0.70,,,,,,,,,,,,,,,,,,,,,,,,,,,,,,,,,
,,,Skew,,,,,,,,,,,,,-0.05,-0.07,-0.09,-0.10,-0.10,-0.04,0.06,0.15,0.20,,,,,,,,,,,,,,,,,,,,,,,,,,,,,,,,,
,,,Market Mode,,,,,,,,,,,,,,2.52,2.25,2.06,1.95,1.83,1.79,1.88,1.92,1.98,2.03,2.03,2.00,2.00,,,,,,,,,,,,,,,,,,,,,,,,,,,,
,May,Market,Market Median,,,,,,,,,,,,,,2.52,2.25,2.06,1.95,1.83,1.83,1.97,2.05,2.14,2.19,2.19,2.16,2.16,,,,,,,,,,,,,,,,,,,,,,,,,,,,
,,,Market Mean,,,,,,,,,,,,,,2.52,2.25,2.06,1.95,1.83,1.84,1.99,2.08,2.18,2.23,2.23,2.20,2.20,,,,,,,,,,,,,,,,,,,,,,,,,,,,
,,,Uncertainty,,,,,,,,,,,,,,0.31,0.43,0.54,0.60,0.64,0.66,0.69,0.72,0.73,0.74,0.75,0.76,0.77,,,,,,,,,,,,,,,,,,,,,,,,,,,,
,,,Skew,,,,,,,,,,,,,,0.00,0.00,0.00,0.00,0.00,0.05,0.12,0.16,0.20,0.20,0.20,0.20,0.20,,,,,,,,,,,,,,,,,,,,,,,,,,,,
,,,Mode,,,,,,,,,,,,,,2.52,2.25,2.07,1.98,1.88,1.86,1.96,2.00,2.05,,,,,,,,,,,,,,,,,,,,,,,,,,,,,,,,
,,5.50,Median,,,,,,,,,,,,,,2.52,2.25,2.07,1.98,1.88,1.90,2.05,2.13,2.21,,,,,,,,,,,,,,,,,,,,,,,,,,,,,,,,
,,,Mean,,,,,,,,,,,,,,2.52,2.25,2.07,1.98,1.88,1.91,2.08,2.16,2.25,,,,,,,,,,,,,,,,,,,,,,,,,,,,,,,,
,,,Uncertainty,,,,,,,,,,,,,,0.31,0.43,0.54,0.60,0.64,0.66,0.69,0.72,0.73,,,,,,,,,,,,,,,,,,,,,,,,,,,,,,,,
,,,Skew,,,,,,,,,,,,,,0.00,0.00,0.00,0.00,0.00,0.05,0.12,0.16,0.20,,,,,,,,,,,,,,,,,,,,,,,,,,,,,,,,
,,,Market Mode,,,,,,,,,,,,,,,2.07,2.10,2.10,2.05,2.03,2.04,1.99,1.99,2.00,1.99,1.93,1.90,1.87,,,,,,,,,,,,,,,,,,,,,,,,,,,
,August,Market,Market Median,,,,,,,,,,,,,,,2.07,2.10,2.10,2.05,2.03,2.06,2.03,2.05,2.08,2.07,2.01,1.98,1.95,,,,,,,,,,,,,,,,,,,,,,,,,,,
,,,Market Mean,,,,,,,,,,,,,,,2.07,2.10,2.10,2.05,2.03,2.06,2.05,2.07,2.10,2.09,2.03,2.00,1.97,,,,,,,,,,,,,,,,,,,,,,,,,,,
,,,Uncertainty,,,,,,,,,,,,,,,0.31,0.44,0.55,0.61,0.64,0.67,0.71,0.73,0.75,0.76,0.76,0.78,0.79,,,,,,,,,,,,,,,,,,,,,,,,,,,
,,,Skew,,,,,,,,,,,,,,,0.00,0.00,0.00,0.00,0.00,0.03,0.06,0.08,0.10,0.10,0.10,0.10,0.10,,,,,,,,,,,,,,,,,,,,,,,,,,,
,,,Mode,,,,,,,,,,,,,,,2.07,2.10,2.11,2.08,2.08,2.11,2.08,2.08,2.08,,,,,,,,,,,,,,,,,,,,,,,,,,,,,,,
,,5.75,Median,,,,,,,,,,,,,,,2.07,2.10,2.11,2.08,2.08,2.13,2.12,2.14,2.16,,,,,,,,,,,,,,,,,,,,,,,,,,,,,,,
,,,Mean,,,,,,,,,,,,,,,2.07,2.10,2.11,2.08,2.08,2.13,2.13,2.16,2.18,,,,,,,,,,,,,,,,,,,,,,,,,,,,,,,
,,,Uncertainty,,,,,,,,,,,,,,,0.31,0.44,0.55,0.61,0.64,0.67,0.71,0.73,0.75,,,,,,,,,,,,,,,,,,,,,,,,,,,,,,,
,,,Skew,,,,,,,,,,,,,,,0.00,0.00,0.00,0.00,0.00,0.03,0.06,0.08,0.10,,,,,,,,,,,,,,,,,,,,,,,,,,,,,,,
,,,Market Mode,,,,,,,,,,,,,,,,1.90,2.07,2.16,2.27,2.27,2.23,2.04,2.00,2.00,2.00,2.00,2.00,2.00,,,,,,,,,,,,,,,,,,,,,,,,,,
,November,Market,Market Median,,,,,,,,,,,,,,,,1.90,2.07,2.16,2.27,2.27,2.23,2.04,2.00,2.00,2.00,2.00,2.00,2.00,,,,,,,,,,,,,,,,,,,,,,,,,,
,,,Market Mean,,,,,,,,,,,,,,,,1.90,2.07,2.16,2.27,2.27,2.23,2.04,2.00,2.00,2.00,2.00,2.00,2.00,,,,,,,,,,,,,,,,,,,,,,,,,,
,,,Uncertainty,,,,,,,,,,,,,,,,0.32,0.44,0.54,0.60,0.63,0.68,0.73,0.79,0.81,0.82,0.82,0.82,0.82,,,,,,,,,,,,,,,,,,,,,,,,,,
,,,Skew,,,,,,,,,,,,,,,,0.00,0.00,0.00,0.00,0.00,0.00,0.00,0.00,0.00,0.00,0.00,0.00,0.00,,,,,,,,,,,,,,,,,,,,,,,,,,
,,,Mode,,,,,,,,,,,,,,,,1.90,2.06,2.14,2.22,2.17,2.08,1.85,1.77,1.74,,,,,,,,,,,,,,,,,,,,,,,,,,,,,,
,,5.75,Median,,,,,,,,,,,,,,,,1.90,2.06,2.14,2.22,2.17,2.08,1.85,1.77,1.74,,,,,,,,,,,,,,,,,,,,,,,,,,,,,,
,,,Mean,,,,,,,,,,,,,,,,1.90,2.06,2.14,2.22,2.17,2.08,1.85,1.77,1.74,,,,,,,,,,,,,,,,,,,,,,,,,,,,,,
,,,Uncertainty,,,,,,,,,,,,,,,,0.32,0.44,0.54,0.60,0.63,0.68,0.73,0.79,0.81,,,,,,,,,,,,,,,,,,,,,,,,,,,,,,
,,,Skew,,,,,,,,,,,,,,,,0.00,0.00,0.00,0.00,0.00,0.00,0.00,0.00,0.00,,,,,,,,,,,,,,,,,,,,,,,,,,,,,,
,,,Market Mode,,,,,,,,,,,,,,,,,2.53,2.89,3.02,2.80,2.45,2.24,2.22,2.22,2.24,2.24,2.22,2.19,2.12,,,,,,,,,,,,,,,,,,,,,,,,,
2008,February,Market,Market Median,,,,,,,,,,,,,,,,,2.53,2.89,3.02,2.80,2.45,2.24,2.22,2.22,2.24,2.24,2.22,2.19,2.12,,,,,,,,,,,,,,,,,,,,,,,,,
,,,Market Mean,,,,,,,,,,,,,,,,,2.53,2.89,3.02,2.80,2.45,2.24,2.22,2.22,2.24,2.24,2.22,2.19,2.12,,,,,,,,,,,,,,,,,,,,,,,,,
,,,Uncertainty,,,,,,,,,,,,,,,,,0.31,0.44,0.53,0.59,0.62,0.67,0.73,0.78,0.81,0.82,0.82,0.82,0.82,,,,,,,,,,,,,,,,,,,,,,,,,
,,,Skew,,,,,,,,,,,,,,,,,0.00,0.00,0.00,0.00,0.00,0.00,0.00,0.00,0.00,0.00,0.00,0.00,0.00,,,,,,,,,,,,,,,,,,,,,,,,,
,,,Mode,,,,,,,,,,,,,,,,,2.53,2.89,2.99,2.71,2.29,1.98,1.87,1.80,1.77,,,,,,,,,,,,,,,,,,,,,,,,,,,,,
,,5.25,Median,,,,,,,,,,,,,,,,,2.53,2.89,2.99,2.71,2.29,1.98,1.87,1.80,1.77,,,,,,,,,,,,,,,,,,,,,,,,,,,,,
,,,Mean,,,,,,,,,,,,,,,,,2.53,2.89,2.99,2.71,2.29,1.98,1.87,1.80,1.77,,,,,,,,,,,,,,,,,,,,,,,,,,,,,
,,,Uncertainty,,,,,,,,,,,,,,,,,0.31,0.44,0.53,0.59,0.62,0.67,0.73,0.78,0.81,,,,,,,,,,,,,,,,,,,,,,,,,,,,,
,,,Skew,,,,,,,,,,,,,,,,,0.00,0.00,0.00,0.00,0.00,0.00,0.00,0.00,0.00,,,,,,,,,,,,,,,,,,,,,,,,,,,,,
,,,Market Mode,,,,,,,,,,,,,,,,,,2.98,3.64,3.70,3.60,3.05,2.71,2.29,2.25,2.19,2.12,2.06,2.00,1.92,,,,,,,,,,,,,,,,,,,,,,,,
,May,Market,Market Median,,,,,,,,,,,,,,,,,,3.02,3.68,3.75,3.66,3.11,2.78,2.38,2.35,2.31,2.23,2.18,2.12,2.03,,,,,,,,,,,,,,,,,,,,,,,,
,,,Market Mean,,,,,,,,,,,,,,,,,,3.02,3.70,3.77,3.68,3.13,2.81,2.41,2.38,2.34,2.27,2.21,2.15,2.07,,,,,,,,,,,,,,,,,,,,,,,,
,,,Uncertainty,,,,,,,,,,,,,,,,,,0.32,0.45,0.54,0.60,0.64,0.68,0.74,0.80,0.83,0.83,0.83,0.84,0.84,,,,,,,,,,,,,,,,,,,,,,,,
,,,Skew,,,,,,,,,,,,,,,,,,0.04,0.06,0.07,0.08,0.08,0.10,0.12,0.14,0.15,0.15,0.15,0.15,0.15,,,,,,,,,,,,,,,,,,,,,,,,
,,,Mode,,,,,,,,,,,,,,,,,,2.98,3.64,3.68,3.54,2.94,2.55,2.09,2.01,1.95,,,,,,,,,,,,,,,,,,,,,,,,,,,,
,,5.00,Median,,,,,,,,,,,,,,,,,,3.02,3.68,3.73,3.60,3.00,2.62,2.18,2.12,2.06,,,,,,,,,,,,,,,,,,,,,,,,,,,,
,,,Mean,,,,,,,,,,,,,,,,,,3.02,3.69,3.74,3.62,3.02,2.64,2.21,2.15,2.10,,,,,,,,,,,,,,,,,,,,,,,,,,,,
,,,Uncertainty,,,,,,,,,,,,,,,,,,0.32,0.45,0.54,0.60,0.64,0.68,0.74,0.80,0.83,,,,,,,,,,,,,,,,,,,,,,,,,,,,
,,,Skew,,,,,,,,,,,,,,,,,,0.04,0.06,0.07,0.08,0.08,0.10,0.12,0.14,0.15,,,,,,,,,,,,,,,,,,,,,,,,,,,,
,,,Market Mode,,,,,,,,,,,,,,,,,,,4.90,4.80,4.83,4.12,2.97,2.66,2.28,2.00,1.85,1.78,1.69,1.65,1.59,,,,,,,,,,,,,,,,,,,,,,,
,August,Market,Market Median,,,,,,,,,,,,,,,,,,,4.94,4.85,4.89,4.20,3.04,2.78,2.45,2.21,2.09,2.02,1.93,1.89,1.83,,,,,,,,,,,,,,,,,,,,,,,
,,,Market Mean,,,,,,,,,,,,,,,,,,,4.95,4.87,4.91,4.22,3.07,2.81,2.49,2.27,2.15,2.08,1.99,1.95,1.89,,,,,,,,,,,,,,,,,,,,,,,
,,,Uncertainty,,,,,,,,,,,,,,,,,,,0.38,0.55,0.69,0.79,0.83,0.88,0.94,0.99,1.03,1.04,1.05,1.05,1.05,,,,,,,,,,,,,,,,,,,,,,,
,,,Skew,,,,,,,,,,,,,,,,,,,0.05,0.07,0.08,0.10,0.10,0.15,0.21,0.27,0.30,0.30,0.30,0.30,0.30,,,,,,,,,,,,,,,,,,,,,,,
,,,Mode,,,,,,,,,,,,,,,,,,,4.90,4.81,4.84,4.14,2.98,2.66,2.28,2.00,1.86,,,,,,,,,,,,,,,,,,,,,,,,,,,
,,5.00,Median,,,,,,,,,,,,,,,,,,,4.94,4.86,4.90,4.21,3.06,2.78,2.45,2.21,2.10,,,,,,,,,,,,,,,,,,,,,,,,,,,
,,,Mean,,,,,,,,,,,,,,,,,,,4.95,4.87,4.92,4.23,3.08,2.81,2.49,2.26,2.16,,,,,,,,,,,,,,,,,,,,,,,,,,,
,,,Uncertainty,,,,,,,,,,,,,,,,,,,0.38,0.55,0.69,0.79,0.83,0.88,0.94,0.99,1.03,,,,,,,,,,,,,,,,,,,,,,,,,,,
,,,Skew,,,,,,,,,,,,,,,,,,,0.05,0.07,0.08,0.10,0.10,0.15,0.21,0.27,0.30,,,,,,,,,,,,,,,,,,,,,,,,,,,
,,,Market Mode,,,,,,,,,,,,,,,,,,,,4.20,4.09,3.18,1.73,1.70,1.23,1.00,0.85,0.89,0.95,1.05,1.18,1.25,,,,,,,,,,,,,,,,,,,,,,
,November,Market,Market Median,,,,,,,,,,,,,,,,,,,,4.20,4.09,3.18,1.73,1.70,1.23,1.00,0.85,0.89,0.95,1.05,1.18,1.25,,,,,,,,,,,,,,,,,,,,,,
,,,Market Mean,,,,,,,,,,,,,,,,,,,,4.20,4.09,3.18,1.73,1.70,1.23,1.00,0.85,0.89,0.95,1.05,1.18,1.25,,,,,,,,,,,,,,,,,,,,,,
,,,Uncertainty,,,,,,,,,,,,,,,,,,,,0.44,0.63,0.79,0.91,0.96,1.01,1.08,1.15,1.18,1.19,1.20,1.21,1.21,,,,,,,,,,,,,,,,,,,,,,
,,,Skew,,,,,,,,,,,,,,,,,,,,0.00,0.00,0.00,0.00,0.00,0.00,0.00,0.00,0.00,0.00,0.00,0.00,0.00,,,,,,,,,,,,,,,,,,,,,,
,,,Mode,,,,,,,,,,,,,,,,,,,,4.20,4.12,3.25,1.82,1.79,1.28,1.00,0.85,0.91,,,,,,,,,,,,,,,,,,,,,,,,,,
,,3.00,Median,,,,,,,,,,,,,,,,,,,,4.20,4.12,3.25,1.82,1.79,1.28,1.00,0.85,0.91,,,,,,,,,,,,,,,,,,,,,,,,,,
,,,Mean,,,,,,,,,,,,,,,,,,,,4.20,4.12,3.25,1.82,1.79,1.28,1.00,0.85,0.91,,,,,,,,,,,,,,,,,,,,,,,,,,
,,,Uncertainty,,,,,,,,,,,,,,,,,,,,0.44,0.63,0.79,0.91,0.96,1.01,1.08,1.15,1.18,,,,,,,,,,,,,,,,,,,,,,,,,,
,,,Skew,,,,,,,,,,,,,,,,,,,,0.00,0.00,0.00,0.00,0.00,0.00,0.00,0.00,0.00,,,,,,,,,,,,,,,,,,,,,,,,,,
,,,Market Mode,,,,,,,,,,,,,,,,,,,,,2.69,1.60,0.77,0.68,1.39,1.02,0.78,0.76,0.50,0.76,0.92,0.99,1.13,,,,,,,,,,,,,,,,,,,,,
2009,February,Market,Market Median,,,,,,,,,,,,,,,,,,,,,2.69,1.60,0.77,0.68,1.39,0.97,0.67,0.59,0.30,0.56,0.72,0.79,0.93,,,,,,,,,,,,,,,,,,,,,
,,,Market Mean,,,,,,,,,,,,,,,,,,,,,2.69,1.60,0.77,0.68,1.39,0.96,0.64,0.55,0.25,0.51,0.67,0.74,0.88,,,,,,,,,,,,,,,,,,,,,
,,,Uncertainty,,,,,,,,,,,,,,,,,,,,,0.44,0.63,0.79,0.91,0.96,1.01,1.08,1.15,1.18,1.19,1.20,1.21,1.21,,,,,,,,,,,,,,,,,,,,,
,,,Skew,,,,,,,,,,,,,,,,,,,,,0.00,0.00,0.00,0.00,0.00,-0.06,-0.14,-0.21,-0.25,-0.25,-0.25,-0.25,-0.25,,,,,,,,,,,,,,,,,,,,,
,,,Mode,,,,,,,,,,,,,,,,,,,,,2.69,1.60,0.76,0.64,1.32,0.94,0.72,0.78,0.63,,,,,,,,,,,,,,,,,,,,,,,,,
,,1.00,Median,,,,,,,,,,,,,,,,,,,,,2.69,1.60,0.76,0.64,1.32,0.89,0.61,0.61,0.44,,,,,,,,,,,,,,,,,,,,,,,,,
,,,Mean,,,,,,,,,,,,,,,,,,,,,2.69,1.60,0.76,0.64,1.32,0.88,0.58,0.56,0.38,,,,,,,,,,,,,,,,,,,,,,,,,
,,,Uncertainty,,,,,,,,,,,,,,,,,,,,,0.44,0.63,0.79,0.91,0.96,1.01,1.08,1.15,1.18,,,,,,,,,,,,,,,,,,,,,,,,,
,,,Skew,,,,,,,,,,,,,,,,,,,,,0.00,0.00,0.00,0.00,0.00,-0.06,-0.14,-0.21,-0.25,,,,,,,,,,,,,,,,,,,,,,,,,
,,,Market Mode,,,,,,,,,,,,,,,,,,,,,,1.91,0.73,0.36,0.77,0.73,1.00,1.16,1.07,1.20,1.32,1.43,1.53,1.62,,,,,,,,,,,,,,,,,,,,
,May,Market,Market Median,,,,,,,,,,,,,,,,,,,,,,2.09,0.99,0.69,1.15,1.13,1.29,1.34,1.13,1.20,1.32,1.43,1.53,1.62,,,,,,,,,,,,,,,,,,,,
,,,Market Mean,,,,,,,,,,,,,,,,,,,,,,2.14,1.06,0.78,1.24,1.23,1.37,1.39,1.15,1.20,1.32,1.43,1.53,1.62,,,,,,,,,,,,,,,,,,,,
,,,Uncertainty,,,,,,,,,,,,,,,,,,,,,,0.44,0.63,0.79,0.91,0.96,1.01,1.08,1.15,1.18,1.19,1.20,1.21,1.21,,,,,,,,,,,,,,,,,,,,
,,,Skew,,,,,,,,,,,,,,,,,,,,,,0.23,0.33,0.41,0.48,0.50,0.37,0.23,0.08,0.00,0.00,0.00,0.00,0.00,,,,,,,,,,,,,,,,,,,,
,,,Mode,,,,,,,,,,,,,,,,,,,,,,1.91,0.73,0.35,0.76,0.74,1.06,1.33,1.39,1.71,,,,,,,,,,,,,,,,,,,,,,,,
,,0.50,Median,,,,,,,,,,,,,,,,,,,,,,2.09,0.99,0.68,1.14,1.14,1.36,1.51,1.45,1.71,,,,,,,,,,,,,,,,,,,,,,,,
,,,Mean,,,,,,,,,,,,,,,,,,,,,,2.14,1.06,0.77,1.23,1.24,1.44,1.56,1.47,1.71,,,,,,,,,,,,,,,,,,,,,,,,
,,,Uncertainty,,,,,,,,,,,,,,,,,,,,,,0.44,0.63,0.79,0.91,0.96,1.01,1.08,1.15,1.18,,,,,,,,,,,,,,,,,,,,,,,,
,,,Skew,,,,,,,,,,,,,,,,,,,,,,0.23,0.33,0.41,0.48,0.50,0.37,0.23,0.08,0.00,,,,,,,,,,,,,,,,,,,,,,,,
,,,Market Mode,,,,,,,,,,,,,,,,,,,,,,,1.28,1.28,2.14,1.83,1.55,1.38,0.94,1.21,1.42,1.52,1.60,1.65,1.68,,,,,,,,,,,,,,,,,,,
,August,Market,Market Median,,,,,,,,,,,,,,,,,,,,,,,1.28,1.28,2.14,1.83,1.55,1.38,0.94,1.21,1.42,1.52,1.60,1.65,1.68,,,,,,,,,,,,,,,,,,,
,,,Market Mean,,,,,,,,,,,,,,,,,,,,,,,1.28,1.28,2.14,1.83,1.55,1.38,0.94,1.21,1.42,1.52,1.60,1.65,1.68,,,,,,,,,,,,,,,,,,,
,,,Uncertainty,,,,,,,,,,,,,,,,,,,,,,,0.44,0.63,0.79,0.91,0.96,1.01,1.08,1.15,1.18,1.19,1.20,1.21,1.21,,,,,,,,,,,,,,,,,,,
,,,Skew,,,,,,,,,,,,,,,,,,,,,,,0.00,0.00,0.00,0.00,0.00,0.00,0.00,0.00,0.00,0.00,0.00,0.00,0.00,,,,,,,,,,,,,,,,,,,
,,,Mode,,,,,,,,,,,,,,,,,,,,,,,1.28,1.28,2.14,1.84,1.60,1.52,1.23,1.71,2.17,,,,,,,,,,,,,,,,,,,,,,,
,,0.50,Median,,,,,,,,,,,,,,,,,,,,,,,1.26,1.28,2.14,1.84,1.60,1.52,1.23,1.71,2.17,,,,,,,,,,,,,,,,,,,,,,,
,,,Mean,,,,,,,,,,,,,,,,,,,,,,,1.26,1.28,2.14,1.84,1.60,1.52,1.23,1.71,2.17,,,,,,,,,,,,,,,,,,,,,,,
,,,Uncertainty,,,,,,,,,,,,,,,,,,,,,,,0.44,0.63,0.79,0.91,0.96,1.01,1.08,1.15,1.18,,,,,,,,,,,,,,,,,,,,,,,
,,,Skew,,,,,,,,,,,,,,,,,,,,,,,0.00,0.00,0.00,0.00,0.00,0.00,0.00,0.00,0.00,,,,,,,,,,,,,,,,,,,,,,,
,,,Market Mode,,,,,,,,,,,,,,,,,,,,,,,,1.85,2.71,2.33,1.76,1.61,1.10,1.33,1.52,1.65,1.79,1.89,2.00,2.15,,,,,,,,,,,,,,,,,,
,November,Market,Market Median,,,,,,,,,,,,,,,,,,,,,,,,1.85,2.71,2.33,1.76,1.61,1.10,1.33,1.52,1.65,1.79,1.89,2.00,2.15,,,,,,,,,,,,,,,,,,
,,,Market Mean,,,,,,,,,,,,,,,,,,,,,,,,1.85,2.71,2.33,1.76,1.61,1.10,1.33,1.52,1.65,1.79,1.89,2.00,2.15,,,,,,,,,,,,,,,,,,
,,,Uncertainty,,,,,,,,,,,,,,,,,,,,,,,,0.54,0.78,0.99,1.14,1.19,1.27,1.35,1.43,1.48,1.49,1.50,1.52,1.52,,,,,,,,,,,,,,,,,,
,,,Skew,,,,,,,,,,,,,,,,,,,,,,,,0.00,0.00,0.00,0.00,0.00,0.00,0.00,0.00,0.00,0.00,0.00,0.00,0.00,,,,,,,,,,,,,,,,,,
,,,Mode,,,,,,,,,,,,,,,,,,,,,,,,1.85,2.71,2.33,1.77,1.65,1.22,1.59,1.99,2.35,,,,,,,,,,,,,,,,,,,,,,
,,0.50,Median,,,,,,,,,,,,,,,,,,,,,,,,1.85,2.71,2.33,1.77,1.65,1.22,1.59,1.99,2.35,,,,,,,,,,,,,,,,,,,,,,
,,,Mean,,,,,,,,,,,,,,,,,,,,,,,,1.85,2.71,2.33,1.77,1.65,1.22,1.59,1.99,2.35,,,,,,,,,,,,,,,,,,,,,,
,,,Uncertainty,,,,,,,,,,,,,,,,,,,,,,,,0.54,0.78,0.99,1.14,1.19,1.27,1.35,1.43,1.48,,,,,,,,,,,,,,,,,,,,,,
,,,Skew,,,,,,,,,,,,,,,,,,,,,,,,0.00,0.00,0.00,0.00,0.00,0.00,0.00,0.00,0.00,,,,,,,,,,,,,,,,,,,,,,
,,,Market Mode,,,,,,,,,,,,,,,,,,,,,,,,,3.33,2.76,1.91,1.53,0.84,0.88,0.96,1.04,1.17,1.27,1.38,1.53,1.58,,,,,,,,,,,,,,,,,
2010,February,Market,Market Median,,,,,,,,,,,,,,,,,,,,,,,,,3.40,2.86,2.04,1.67,1.00,1.08,1.21,1.34,1.48,1.59,1.72,1.87,1.93,,,,,,,,,,,,,,,,,
,,,Market Mean,,,,,,,,,,,,,,,,,,,,,,,,,3.42,2.89,2.08,1.72,1.04,1.13,1.27,1.41,1.57,1.68,1.80,1.96,2.02,,,,,,,,,,,,,,,,,
,,,Uncertainty,,,,,,,,,,,,,,,,,,,,,,,,,0.54,0.78,0.99,1.14,1.19,1.27,1.35,1.43,1.48,1.49,1.50,1.52,1.52,,,,,,,,,,,,,,,,,
,,,Skew,,,,,,,,,,,,,,,,,,,,,,,,,0.09,0.13,0.17,0.19,0.20,0.25,0.31,0.37,0.40,0.41,0.42,0.43,0.44,,,,,,,,,,,,,,,,,
,,,Mode,,,,,,,,,,,,,,,,,,,,,,,,,3.33,2.76,1.91,1.53,0.88,0.98,1.19,1.44,1.76,,,,,,,,,,,,,,,,,,,,,
,,0.50,Median,,,,,,,,,,,,,,,,,,,,,,,,,3.40,2.86,2.04,1.68,1.03,1.18,1.43,1.73,2.08,,,,,,,,,,,,,,,,,,,,,
,,,Mean,,,,,,,,,,,,,,,,,,,,,,,,,3.42,2.89,2.08,1.72,1.08,1.24,1.50,1.81,2.16,,,,,,,,,,,,,,,,,,,,,
,,,Uncertainty,,,,,,,,,,,,,,,,,,,,,,,,,0.54,0.78,0.99,1.14,1.19,1.27,1.35,1.43,1.48,,,,,,,,,,,,,,,,,,,,,
,,,Skew,,,,,,,,,,,,,,,,,,,,,,,,,0.09,0.13,0.17,0.19,0.20,0.25,0.31,0.37,0.40,,,,,,,,,,,,,,,,,,,,,
,,,Market Mode,,,,,,,,,,,,,,,,,,,,,,,,,,3.30,2.54,2.28,1.70,1.40,1.39,1.31,1.32,1.36,1.45,1.59,1.67,1.75,,,,,,,,,,,,,,,,
,May,Market,Market Median,,,,,,,,,,,,,,,,,,,,,,,,,,3.34,2.59,2.34,1.77,1.48,1.49,1.43,1.46,1.52,1.61,1.75,1.82,1.91,,,,,,,,,,,,,,,,
,,,Market Mean,,,,,,,,,,,,,,,,,,,,,,,,,,3.35,2.60,2.36,1.79,1.50,1.51,1.46,1.50,1.56,1.65,1.79,1.87,1.95,,,,,,,,,,,,,,,,
,,,Uncertainty,,,,,,,,,,,,,,,,,,,,,,,,,,0.54,0.78,0.99,1.14,1.19,1.27,1.35,1.43,1.48,1.49,1.50,1.52,1.52,,,,,,,,,,,,,,,,
,,,Skew,,,,,,,,,,,,,,,,,,,,,,,,,,0.05,0.07,0.08,0.10,0.10,0.13,0.15,0.18,0.20,0.20,0.20,0.20,0.20,,,,,,,,,,,,,,,,
,,,Mode,,,,,,,,,,,,,,,,,,,,,,,,,,3.30,2.54,2.28,1.70,1.43,1.48,1.49,1.64,1.84,,,,,,,,,,,,,,,,,,,,
,,0.50,Median,,,,,,,,,,,,,,,,,,,,,,,,,,3.34,2.59,2.34,1.78,1.51,1.58,1.61,1.78,2.00,,,,,,,,,,,,,,,,,,,,
,,,Mean,,,,,,,,,,,,,,,,,,,,,,,,,,3.35,2.60,2.36,1.80,1.53,1.60,1.65,1.82,2.04,,,,,,,,,,,,,,,,,,,,
,,,Uncertainty,,,,,,,,,,,,,,,,,,,,,,,,,,0.54,0.78,0.99,1.14,1.19,1.27,1.35,1.43,1.48,,,,,,,,,,,,,,,,,,,,
,,,Skew,,,,,,,,,,,,,,,,,,,,,,,,,,0.05,0.07,0.08,0.10,0.10,0.13,0.15,0.18,0.20,,,,,,,,,,,,,,,,,,,,
,,,Market Mode,,,,,,,,,,,,,,,,,,,,,,,,,,,3.00,3.04,2.97,2.77,2.58,2.16,1.22,1.23,1.32,1.38,1.44,1.50,1.56,,,,,,,,,,,,,,,
,August,Market,Market Median,,,,,,,,,,,,,,,,,,,,,,,,,,,3.07,3.14,3.10,2.92,2.73,2.36,1.47,1.52,1.63,1.70,1.76,1.82,1.88,,,,,,,,,,,,,,,
,,,Market Mean,,,,,,,,,,,,,,,,,,,,,,,,,,,3.09,3.17,3.13,2.96,2.78,2.41,1.53,1.60,1.72,1.78,1.84,1.90,1.96,,,,,,,,,,,,,,,
,,,Uncertainty,,,,,,,,,,,,,,,,,,,,,,,,,,,0.61,0.88,1.11,1.27,1.34,1.37,1.39,1.42,1.48,1.49,1.50,1.52,1.52,,,,,,,,,,,,,,,
,,,Skew,,,,,,,,,,,,,,,,,,,,,,,,,,,0.09,0.13,0.17,0.19,0.20,0.25,0.31,0.37,0.40,0.40,0.40,0.40,0.40,,,,,,,,,,,,,,,
,,,Mode,,,,,,,,,,,,,,,,,,,,,,,,,,,3.00,3.04,2.97,2.77,2.59,2.21,1.32,1.39,1.56,,,,,,,,,,,,,,,,,,,
,,0.50,Median,,,,,,,,,,,,,,,,,,,,,,,,,,,3.07,3.14,3.10,2.92,2.75,2.40,1.56,1.68,1.88,,,,,,,,,,,,,,,,,,,
,,,Mean,,,,,,,,,,,,,,,,,,,,,,,,,,,3.09,3.17,3.13,2.96,2.79,2.46,1.62,1.76,1.96,,,,,,,,,,,,,,,,,,,
,,,Uncertainty,,,,,,,,,,,,,,,,,,,,,,,,,,,0.61,0.88,1.11,1.27,1.34,1.37,1.39,1.42,1.48,,,,,,,,,,,,,,,,,,,
,,,Skew,,,,,,,,,,,,,,,,,,,,,,,,,,,0.09,0.13,0.17,0.19,0.20,0.25,0.31,0.37,0.40,,,,,,,,,,,,,,,,,,,
,,,Market Mode,,,,,,,,,,,,,,,,,,,,,,,,,,,,3.23,3.55,3.39,3.20,2.93,1.95,1.70,1.59,1.45,1.43,1.45,1.50,1.56,,,,,,,,,,,,,,
,November,Market,Market Median,,,,,,,,,,,,,,,,,,,,,,,,,,,,3.26,3.60,3.45,3.27,3.01,2.09,1.91,1.87,1.77,1.74,1.77,1.81,1.88,,,,,,,,,,,,,,
,,,Market Mean,,,,,,,,,,,,,,,,,,,,,,,,,,,,3.27,3.61,3.47,3.29,3.03,2.12,1.97,1.94,1.85,1.83,1.85,1.90,1.96,,,,,,,,,,,,,,
,,,Uncertainty,,,,,,,,,,,,,,,,,,,,,,,,,,,,0.61,0.88,1.11,1.27,1.34,1.37,1.39,1.42,1.48,1.49,1.50,1.52,1.52,,,,,,,,,,,,,,
,,,Skew,,,,,,,,,,,,,,,,,,,,,,,,,,,,0.05,0.07,0.08,0.10,0.10,0.18,0.26,0.35,0.40,0.40,0.40,0.40,0.40,,,,,,,,,,,,,,
,,,Mode,,,,,,,,,,,,,,,,,,,,,,,,,,,,3.23,3.55,3.39,3.20,2.94,1.97,1.75,1.68,1.59,,,,,,,,,,,,,,,,,,
,,0.50,Median,,,,,,,,,,,,,,,,,,,,,,,,,,,,3.26,3.60,3.45,3.28,3.01,2.11,1.96,1.96,1.91,,,,,,,,,,,,,,,,,,
,,,Mean,,,,,,,,,,,,,,,,,,,,,,,,,,,,3.27,3.61,3.47,3.30,3.04,2.15,2.01,2.03,1.99,,,,,,,,,,,,,,,,,,
,,,Uncertainty,,,,,,,,,,,,,,,,,,,,,,,,,,,,0.61,0.88,1.11,1.27,1.34,1.37,1.39,1.42,1.48,,,,,,,,,,,,,,,,,,
,,,Skew,,,,,,,,,,,,,,,,,,,,,,,,,,,,0.05,0.07,0.08,0.10,0.10,0.18,0.26,0.35,0.40,,,,,,,,,,,,,,,,,,
,,,Market Mode,,,,,,,,,,,,,,,,,,,,,,,,,,,,,4.08,4.37,4.45,4.11,2.70,2.27,1.99,1.77,1.62,1.62,1.64,1.67,1.72,,,,,,,,,,,,,
2011,February,Market,Market Median,,,,,,,,,,,,,,,,,,,,,,,,,,,,,4.12,4.42,4.51,4.18,2.78,2.41,2.20,2.05,1.94,1.93,1.95,1.99,2.04,,,,,,,,,,,,,
,,,Market Mean,,,,,,,,,,,,,,,,,,,,,,,,,,,,,4.13,4.43,4.53,4.20,2.80,2.45,2.26,2.13,2.02,2.02,2.04,2.07,2.12,,,,,,,,,,,,,
,,,Uncertainty,,,,,,,,,,,,,,,,,,,,,,,,,,,,,0.61,0.88,1.11,1.27,1.34,1.37,1.39,1.42,1.48,1.49,1.50,1.52,1.52,,,,,,,,,,,,,
,,,Skew,,,,,,,,,,,,,,,,,,,,,,,,,,,,,0.05,0.07,0.08,0.10,0.10,0.18,0.26,0.35,0.40,0.40,0.40,0.40,0.40,,,,,,,,,,,,,
,,,Mode,,,,,,,,,,,,,,,,,,,,,,,,,,,,,4.08,4.37,4.45,4.13,2.76,2.40,2.21,2.10,2.08,,,,,,,,,,,,,,,,,
,,0.50,Median,,,,,,,,,,,,,,,,,,,,,,,,,,,,,4.12,4.42,4.52,4.21,2.84,2.54,2.42,2.38,2.40,,,,,,,,,,,,,,,,,
,,,Mean,,,,,,,,,,,,,,,,,,,,,,,,,,,,,4.13,4.43,4.54,4.23,2.86,2.58,2.47,2.46,2.48,,,,,,,,,,,,,,,,,
,,,Uncertainty,,,,,,,,,,,,,,,,,,,,,,,,,,,,,0.61,0.88,1.11,1.27,1.34,1.37,1.39,1.42,1.48,,,,,,,,,,,,,,,,,
,,,Skew,,,,,,,,,,,,,,,,,,,,,,,,,,,,,0.05,0.07,0.08,0.10,0.10,0.18,0.26,0.35,0.40,,,,,,,,,,,,,,,,,
,,,Market Mode,,,,,,,,,,,,,,,,,,,,,,,,,,,,,,4.50,4.96,4.93,3.68,2.99,2.55,2.27,2.04,1.90,1.90,1.90,1.90,1.90,,,,,,,,,,,,
,May,Market,Market Median,,,,,,,,,,,,,,,,,,,,,,,,,,,,,,4.54,5.02,5.00,3.75,3.07,2.64,2.39,2.18,2.06,2.06,2.06,2.06,2.06,,,,,,,,,,,,
,,,Market Mean,,,,,,,,,,,,,,,,,,,,,,,,,,,,,,4.55,5.03,5.02,3.77,3.09,2.67,2.42,2.21,2.10,2.10,2.10,2.10,2.10,,,,,,,,,,,,
,,,Uncertainty,,,,,,,,,,,,,,,,,,,,,,,,,,,,,,0.61,0.88,1.11,1.27,1.34,1.37,1.39,1.42,1.48,1.49,1.50,1.52,1.52,,,,,,,,,,,,
,,,Skew,,,,,,,,,,,,,,,,,,,,,,,,,,,,,,0.05,0.07,0.08,0.10,0.10,0.13,0.15,0.18,0.20,0.20,0.20,0.20,0.20,,,,,,,,,,,,
,,,Mode,,,,,,,,,,,,,,,,,,,,,,,,,,,,,,4.50,4.96,4.94,3.70,3.05,2.67,2.48,2.35,2.34,,,,,,,,,,,,,,,,
,,0.50,Median,,,,,,,,,,,,,,,,,,,,,,,,,,,,,,4.54,5.01,5.00,3.77,3.13,2.76,2.59,2.49,2.50,,,,,,,,,,,,,,,,
,,,Mean,,,,,,,,,,,,,,,,,,,,,,,,,,,,,,4.55,5.03,5.02,3.79,3.15,2.79,2.63,2.53,2.54,,,,,,,,,,,,,,,,
,,,Uncertainty,,,,,,,,,,,,,,,,,,,,,,,,,,,,,,0.61,0.88,1.11,1.27,1.34,1.37,1.39,1.42,1.48,,,,,,,,,,,,,,,,
,,,Skew,,,,,,,,,,,,,,,,,,,,,,,,,,,,,,0.05,0.07,0.08,0.10,0.10,0.13,0.15,0.18,0.20,,,,,,,,,,,,,,,,
,,,Market Mode,,,,,,,,,,,,,,,,,,,,,,,,,,,,,,,4.62,4.98,3.62,3.25,3.01,2.06,1.82,1.71,1.73,1.71,1.72,1.72,1.74,,,,,,,,,,,
,August,Market,Market Median,,,,,,,,,,,,,,,,,,,,,,,,,,,,,,,4.65,5.03,3.69,3.33,3.09,2.16,1.94,1.85,1.89,1.87,1.88,1.88,1.89,,,,,,,,,,,
,,,Market Mean,,,,,,,,,,,,,,,,,,,,,,,,,,,,,,,4.66,5.05,3.71,3.35,3.11,2.19,1.97,1.89,1.93,1.91,1.92,1.92,1.94,,,,,,,,,,,
,,,Uncertainty,,,,,,,,,,,,,,,,,,,,,,,,,,,,,,,0.61,0.88,1.11,1.27,1.34,1.37,1.39,1.42,1.48,1.49,1.50,1.52,1.52,,,,,,,,,,,
,,,Skew,,,,,,,,,,,,,,,,,,,,,,,,,,,,,,,0.05,0.07,0.08,0.10,0.10,0.13,0.15,0.18,0.20,0.20,0.20,0.20,0.20,,,,,,,,,,,
,,,Mode,,,,,,,,,,,,,,,,,,,,,,,,,,,,,,,4.62,4.98,3.62,3.26,3.02,2.09,1.88,1.81,1.88,,,,,,,,,,,,,,,
,,0.50,Median,,,,,,,,,,,,,,,,,,,,,,,,,,,,,,,4.65,5.03,3.69,3.33,3.10,2.19,2.00,1.94,2.04,,,,,,,,,,,,,,,
,,,Mean,,,,,,,,,,,,,,,,,,,,,,,,,,,,,,,4.66,5.05,3.71,3.35,3.12,2.21,2.03,1.98,2.08,,,,,,,,,,,,,,,
,,,Uncertainty,,,,,,,,,,,,,,,,,,,,,,,,,,,,,,,0.61,0.88,1.11,1.27,1.34,1.37,1.39,1.42,1.48,,,,,,,,,,,,,,,
,,,Skew,,,,,,,,,,,,,,,,,,,,,,,,,,,,,,,0.05,0.07,0.08,0.10,0.10,0.13,0.15,0.18,0.20,,,,,,,,,,,,,,,
,,,Market Mode,,,,,,,,,,,,,,,,,,,,,,,,,,,,,,,,4.71,3.43,2.96,2.46,1.72,1.33,1.21,1.22,1.27,1.32,1.35,1.42,1.50,,,,,,,,,,
,November,Market,Market Median,,,,,,,,,,,,,,,,,,,,,,,,,,,,,,,,4.71,3.43,2.96,2.46,1.72,1.33,1.21,1.22,1.27,1.32,1.35,1.42,1.50,,,,,,,,,,
,,,Market Mean,,,,,,,,,,,,,,,,,,,,,,,,,,,,,,,,4.71,3.43,2.96,2.46,1.72,1.33,1.21,1.22,1.27,1.32,1.35,1.42,1.50,,,,,,,,,,
,,,Uncertainty,,,,,,,,,,,,,,,,,,,,,,,,,,,,,,,,0.61,0.88,1.11,1.27,1.34,1.37,1.39,1.42,1.48,1.49,1.50,1.52,1.52,,,,,,,,,,
,,,Skew,,,,,,,,,,,,,,,,,,,,,,,,,,,,,,,,0.00,0.00,0.00,0.00,0.00,0.00,0.00,0.00,0.00,0.00,0.00,0.00,0.00,,,,,,,,,,
,,,Mode,,,,,,,,,,,,,,,,,,,,,,,,,,,,,,,,4.71,3.43,2.96,2.46,1.72,1.33,1.22,1.23,1.29,,,,,,,,,,,,,,
,,0.50,Median,,,,,,,,,,,,,,,,,,,,,,,,,,,,,,,,4.71,3.43,2.96,2.46,1.72,1.33,1.22,1.23,1.29,,,,,,,,,,,,,,
,,,Mean,,,,,,,,,,,,,,,,,,,,,,,,,,,,,,,,4.71,3.43,2.96,2.46,1.72,1.33,1.22,1.23,1.29,,,,,,,,,,,,,,
,,,Uncertainty,,,,,,,,,,,,,,,,,,,,,,,,,,,,,,,,0.61,0.88,1.11,1.27,1.34,1.37,1.39,1.42,1.48,,,,,,,,,,,,,,
,,,Skew,,,,,,,,,,,,,,,,,,,,,,,,,,,,,,,,0.00,0.00,0.00,0.00,0.00,0.00,0.00,0.00,0.00,,,,,,,,,,,,,,
,,,Market Mode,,,,,,,,,,,,,,,,,,,,,,,,,,,,,,,,,3.35,2.97,2.53,1.87,1.61,1.65,1.69,1.77,1.78,1.79,1.81,1.85,1.90,,,,,,,,,
2012,February,Market,Market Median,,,,,,,,,,,,,,,,,,,,,,,,,,,,,,,,,3.35,2.97,2.53,1.87,1.61,1.65,1.69,1.77,1.78,1.79,1.81,1.85,1.90,,,,,,,,,
,,,Market Mean,,,,,,,,,,,,,,,,,,,,,,,,,,,,,,,,,3.35,2.97,2.53,1.87,1.61,1.65,1.69,1.77,1.78,1.79,1.81,1.85,1.90,,,,,,,,,
,,,Uncertainty,,,,,,,,,,,,,,,,,,,,,,,,,,,,,,,,,0.61,0.88,1.11,1.27,1.34,1.37,1.39,1.42,1.48,1.49,1.50,1.52,1.52,,,,,,,,,
,,,Skew,,,,,,,,,,,,,,,,,,,,,,,,,,,,,,,,,0.00,0.00,0.00,0.00,0.00,0.00,0.00,0.00,0.00,0.00,0.00,0.00,0.00,,,,,,,,,
,,,Mode,,,,,,,,,,,,,,,,,,,,,,,,,,,,,,,,,3.35,2.97,2.53,1.87,1.61,1.65,1.69,1.77,1.79,,,,,,,,,,,,,
,,0.50,Median,,,,,,,,,,,,,,,,,,,,,,,,,,,,,,,,,3.35,2.97,2.53,1.87,1.61,1.65,1.69,1.77,1.79,,,,,,,,,,,,,
,,,Mean,,,,,,,,,,,,,,,,,,,,,,,,,,,,,,,,,3.35,2.97,2.53,1.87,1.61,1.65,1.69,1.77,1.79,,,,,,,,,,,,,
,,,Uncertainty,,,,,,,,,,,,,,,,,,,,,,,,,,,,,,,,,0.61,0.88,1.11,1.27,1.34,1.37,1.39,1.42,1.48,,,,,,,,,,,,,
,,,Skew,,,,,,,,,,,,,,,,,,,,,,,,,,,,,,,,,0.00,0.00,0.00,0.00,0.00,0.00,0.00,0.00,0.00,,,,,,,,,,,,,
,,,Market Mode,,,,,,,,,,,,,,,,,,,,,,,,,,,,,,,,,,3.19,3.15,2.93,2.57,2.32,1.90,1.65,1.58,1.58,1.59,1.62,1.66,1.71,,,,,,,,
,May,Market,Market Median,,,,,,,,,,,,,,,,,,,,,,,,,,,,,,,,,,3.19,3.15,2.93,2.57,2.32,1.94,1.73,1.70,1.74,1.75,1.77,1.82,1.87,,,,,,,,
,,,Market Mean,,,,,,,,,,,,,,,,,,,,,,,,,,,,,,,,,,3.19,3.15,2.93,2.57,2.32,1.95,1.75,1.73,1.78,1.79,1.82,1.86,1.91,,,,,,,,
,,,Uncertainty,,,,,,,,,,,,,,,,,,,,,,,,,,,,,,,,,,0.61,0.88,1.11,1.27,1.34,1.37,1.39,1.42,1.48,1.49,1.50,1.52,1.52,,,,,,,,
,,,Skew,,,,,,,,,,,,,,,,,,,,,,,,,,,,,,,,,,0.00,0.00,0.00,0.00,0.00,0.05,0.10,0.15,0.20,0.20,0.20,0.20,0.20,,,,,,,,
,,,Mode,,,,,,,,,,,,,,,,,,,,,,,,,,,,,,,,,,3.19,3.15,2.93,2.57,2.32,1.91,1.67,1.61,1.64,,,,,,,,,,,,
,,0.50,Median,,,,,,,,,,,,,,,,,,,,,,,,,,,,,,,,,,3.19,3.15,2.93,2.57,2.32,1.94,1.74,1.73,1.79,,,,,,,,,,,,
,,,Mean,,,,,,,,,,,,,,,,,,,,,,,,,,,,,,,,,,3.19,3.15,2.93,2.57,2.32,1.96,1.77,1.76,1.84,,,,,,,,,,,,
,,,Uncertainty,,,,,,,,,,,,,,,,,,,,,,,,,,,,,,,,,,0.61,0.88,1.11,1.27,1.34,1.37,1.39,1.42,1.48,,,,,,,,,,,,
,,,Skew,,,,,,,,,,,,,,,,,,,,,,,,,,,,,,,,,,0.00,0.00,0.00,0.00,0.00,0.05,0.10,0.15,0.20,,,,,,,,,,,,
,,,Market Mode,,,,,,,,,,,,,,,,,,,,,,,,,,,,,,,,,,,2.35,2.19,2.12,2.32,2.15,1.86,1.69,1.62,1.68,1.70,1.71,1.76,1.81,,,,,,,
,August,Market,Market Median,,,,,,,,,,,,,,,,,,,,,,,,,,,,,,,,,,,2.35,2.19,2.12,2.32,2.15,1.86,1.69,1.62,1.68,1.70,1.71,1.76,1.81,,,,,,,
,,,Market Mean,,,,,,,,,,,,,,,,,,,,,,,,,,,,,,,,,,,2.35,2.19,2.12,2.32,2.15,1.86,1.69,1.62,1.68,1.70,1.71,1.76,1.81,,,,,,,
,,,Uncertainty,,,,,,,,,,,,,,,,,,,,,,,,,,,,,,,,,,,0.61,0.88,1.11,1.27,1.34,1.37,1.39,1.42,1.48,1.49,1.50,1.52,1.52,,,,,,,
,,,Skew,,,,,,,,,,,,,,,,,,,,,,,,,,,,,,,,,,,0.00,0.00,0.00,0.00,0.00,0.00,0.00,0.00,0.00,0.00,0.00,0.00,0.00,,,,,,,
,,,Mode,,,,,,,,,,,,,,,,,,,,,,,,,,,,,,,,,,,2.35,2.19,2.11,2.31,2.13,1.83,1.65,1.58,1.64,,,,,,,,,,,
,,0.50,Median,,,,,,,,,,,,,,,,,,,,,,,,,,,,,,,,,,,2.35,2.19,2.11,2.31,2.13,1.83,1.65,1.58,1.64,,,,,,,,,,,
,,,Mean,,,,,,,,,,,,,,,,,,,,,,,,,,,,,,,,,,,2.35,2.19,2.11,2.31,2.13,1.83,1.65,1.58,1.64,,,,,,,,,,,
,,,Uncertainty,,,,,,,,,,,,,,,,,,,,,,,,,,,,,,,,,,,0.61,0.88,1.11,1.27,1.34,1.37,1.39,1.42,1.48,,,,,,,,,,,
,,,Skew,,,,,,,,,,,,,,,,,,,,,,,,,,,,,,,,,,,0.00,0.00,0.00,0.00,0.00,0.00,0.00,0.00,0.00,,,,,,,,,,,
,,,Market Mode,,,,,,,,,,,,,,,,,,,,,,,,,,,,,,,,,,,,2.57,2.53,2.66,2.63,2.31,2.09,2.05,1.94,1.82,1.81,1.82,1.88,1.88,,,,,,
,November,Market,Market Median,,,,,,,,,,,,,,,,,,,,,,,,,,,,,,,,,,,,2.57,2.53,2.66,2.63,2.31,2.09,2.05,1.94,1.82,1.81,1.82,1.88,1.88,,,,,,
,,,Market Mean,,,,,,,,,,,,,,,,,,,,,,,,,,,,,,,,,,,,2.57,2.53,2.66,2.63,2.31,2.09,2.05,1.94,1.82,1.81,1.82,1.88,1.88,,,,,,
,,,Uncertainty,,,,,,,,,,,,,,,,,,,,,,,,,,,,,,,,,,,,0.61,0.88,1.11,1.27,1.34,1.37,1.39,1.42,1.48,1.49,1.50,1.52,1.52,,,,,,
,,,Skew,,,,,,,,,,,,,,,,,,,,,,,,,,,,,,,,,,,,0.00,0.00,0.00,0.00,0.00,0.00,0.00,0.00,0.00,0.00,0.00,0.00,0.00,,,,,,
,,,Mode,,,,,,,,,,,,,,,,,,,,,,,,,,,,,,,,,,,,2.57,2.53,2.66,2.63,2.31,2.08,2.03,1.93,1.80,,,,,,,,,,
,,0.50,Median,,,,,,,,,,,,,,,,,,,,,,,,,,,,,,,,,,,,2.57,2.53,2.66,2.63,2.31,2.08,2.03,1.93,1.80,,,,,,,,,,
,,,Mean,,,,,,,,,,,,,,,,,,,,,,,,,,,,,,,,,,,,2.57,2.53,2.66,2.63,2.31,2.08,2.03,1.93,1.80,,,,,,,,,,
,,,Uncertainty,,,,,,,,,,,,,,,,,,,,,,,,,,,,,,,,,,,,0.61,0.88,1.11,1.27,1.34,1.37,1.39,1.42,1.48,,,,,,,,,,
,,,Skew,,,,,,,,,,,,,,,,,,,,,,,,,,,,,,,,,,,,0.00,0.00,0.00,0.00,0.00,0.00,0.00,0.00,0.00,,,,,,,,,,
,,,Market Mode,,,,,,,,,,,,,,,,,,,,,,,,,,,,,,,,,,,,,2.73,2.92,3.22,3.13,2.95,2.82,2.53,2.41,2.32,2.23,2.13,2.01,1.96,,,,,
2013,February,Market,Market Median,,,,,,,,,,,,,,,,,,,,,,,,,,,,,,,,,,,,,2.73,2.92,3.22,3.13,2.95,2.82,2.53,2.41,2.32,2.23,2.13,2.01,1.96,,,,,
,,,Market Mean,,,,,,,,,,,,,,,,,,,,,,,,,,,,,,,,,,,,,2.73,2.92,3.22,3.13,2.95,2.82,2.53,2.41,2.32,2.23,2.13,2.01,1.96,,,,,
,,,Uncertainty,,,,,,,,,,,,,,,,,,,,,,,,,,,,,,,,,,,,,0.61,0.88,1.11,1.27,1.34,1.37,1.39,1.42,1.48,1.49,1.50,1.52,1.52,,,,,
,,,Skew,,,,,,,,,,,,,,,,,,,,,,,,,,,,,,,,,,,,,0.00,0.00,0.00,0.00,0.00,0.00,0.00,0.00,0.00,0.00,0.00,0.00,0.00,,,,,
,,,Mode,,,,,,,,,,,,,,,,,,,,,,,,,,,,,,,,,,,,,2.73,2.92,3.22,3.13,2.95,2.81,2.53,2.41,2.32,,,,,,,,,
,,0.50,Median,,,,,,,,,,,,,,,,,,,,,,,,,,,,,,,,,,,,,2.73,2.92,3.22,3.13,2.95,2.81,2.53,2.41,2.32,,,,,,,,,
,,,Mean,,,,,,,,,,,,,,,,,,,,,,,,,,,,,,,,,,,,,2.73,2.92,3.22,3.13,2.95,2.81,2.53,2.41,2.32,,,,,,,,,
,,,Uncertainty,,,,,,,,,,,,,,,,,,,,,,,,,,,,,,,,,,,,,0.61,0.88,1.11,1.27,1.34,1.37,1.39,1.42,1.48,,,,,,,,,
,,,Skew,,,,,,,,,,,,,,,,,,,,,,,,,,,,,,,,,,,,,0.00,0.00,0.00,0.00,0.00,0.00,0.00,0.00,0.00,,,,,,,,,
,,,Market Mode,,,,,,,,,,,,,,,,,,,,,,,,,,,,,,,,,,,,,,2.90,3.07,2.89,2.75,2.61,2.37,2.11,2.03,2.02,1.98,1.92,1.93,1.92,,,,
,May,Market,Market Median,,,,,,,,,,,,,,,,,,,,,,,,,,,,,,,,,,,,,,2.90,3.07,2.89,2.75,2.61,2.37,2.11,2.03,2.02,1.98,1.92,1.93,1.92,,,,
,,,Market Mean,,,,,,,,,,,,,,,,,,,,,,,,,,,,,,,,,,,,,,2.90,3.07,2.89,2.75,2.61,2.37,2.11,2.03,2.02,1.98,1.92,1.93,1.92,,,,
,,,Uncertainty,,,,,,,,,,,,,,,,,,,,,,,,,,,,,,,,,,,,,,0.61,0.88,1.11,1.27,1.34,1.37,1.39,1.42,1.48,1.49,1.50,1.52,1.52,,,,
,,,Skew,,,,,,,,,,,,,,,,,,,,,,,,,,,,,,,,,,,,,,0.00,0.00,0.00,0.00,0.00,0.00,0.00,0.00,0.00,0.00,0.00,0.00,0.00,,,,
,,,Mode,,,,,,,,,,,,,,,,,,,,,,,,,,,,,,,,,,,,,,2.90,3.07,2.89,2.75,2.60,2.35,2.08,2.00,1.99,,,,,,,,
,,0.50,Median,,,,,,,,,,,,,,,,,,,,,,,,,,,,,,,,,,,,,,2.90,3.07,2.89,2.75,2.60,2.35,2.08,2.00,1.99,,,,,,,,
,,,Mean,,,,,,,,,,,,,,,,,,,,,,,,,,,,,,,,,,,,,,2.90,3.07,2.89,2.75,2.60,2.35,2.08,2.00,1.99,,,,,,,,
,,,Uncertainty,,,,,,,,,,,,,,,,,,,,,,,,,,,,,,,,,,,,,,0.61,0.88,1.11,1.27,1.34,1.37,1.39,1.42,1.48,,,,,,,,
,,,Skew,,,,,,,,,,,,,,,,,,,,,,,,,,,,,,,,,,,,,,0.00,0.00,0.00,0.00,0.00,0.00,0.00,0.00,0.00,,,,,,,,
,,,Market Mode,,,,,,,,,,,,,,,,,,,,,,,,,,,,,,,,,,,,,,,2.82,2.86,2.78,2.67,2.45,2.20,2.05,2.01,1.96,1.89,1.90,1.92,1.93,,,
,August,Market,Market Median,,,,,,,,,,,,,,,,,,,,,,,,,,,,,,,,,,,,,,,2.82,2.86,2.78,2.67,2.45,2.20,2.05,2.01,1.96,1.89,1.90,1.92,1.93,,,
,,,Market Mean,,,,,,,,,,,,,,,,,,,,,,,,,,,,,,,,,,,,,,,2.82,2.86,2.78,2.67,2.45,2.20,2.05,2.01,1.96,1.89,1.90,1.92,1.93,,,
,,,Uncertainty,,,,,,,,,,,,,,,,,,,,,,,,,,,,,,,,,,,,,,,0.61,0.88,1.11,1.27,1.34,1.37,1.39,1.42,1.48,1.49,1.50,1.52,1.52,,,
,,,Skew,,,,,,,,,,,,,,,,,,,,,,,,,,,,,,,,,,,,,,,0.00,0.00,0.00,0.00,0.00,0.00,0.00,0.00,0.00,0.00,0.00,0.00,0.00,,,
,,,Mode,,,,,,,,,,,,,,,,,,,,,,,,,,,,,,,,,,,,,,,2.84,2.91,2.89,2.83,2.64,2.40,2.24,2.18,2.12,2.03,2.03,2.04,2.04,,,
,,0.50,Median,,,,,,,,,,,,,,,,,,,,,,,,,,,,,,,,,,,,,,,2.84,2.91,2.89,2.83,2.64,2.40,2.24,2.18,2.12,2.03,2.03,2.04,2.04,,,
,,,Mean,,,,,,,,,,,,,,,,,,,,,,,,,,,,,,,,,,,,,,,2.84,2.91,2.89,2.83,2.64,2.40,2.24,2.18,2.12,2.03,2.03,2.04,2.04,,,
,,,Uncertainty,,,,,,,,,,,,,,,,,,,,,,,,,,,,,,,,,,,,,,,0.61,0.88,1.11,1.27,1.34,1.37,1.39,1.42,1.48,1.49,1.50,1.52,1.52,,,
,,,Skew,,,,,,,,,,,,,,,,,,,,,,,,,,,,,,,,,,,,,,,0.00,0.00,0.00,0.00,0.00,0.00,0.00,0.00,0.00,0.00,0.00,0.00,0.00,,,
,,,Market Mode,,,,,,,,,,,,,,,,,,,,,,,,,,,,,,,,,,,,,,,,2.20,2.23,2.19,2.08,2.12,1.98,1.94,1.93,1.93,1.94,1.94,1.95,1.95,,
,November,Market,Market Median,,,,,,,,,,,,,,,,,,,,,,,,,,,,,,,,,,,,,,,,2.20,2.23,2.19,2.08,2.12,1.98,1.94,1.93,1.93,1.94,1.94,1.95,1.95,,
,,,Market Mean,,,,,,,,,,,,,,,,,,,,,,,,,,,,,,,,,,,,,,,,2.20,2.23,2.19,2.08,2.12,1.98,1.94,1.93,1.93,1.94,1.94,1.95,1.95,,
,,,Uncertainty,,,,,,,,,,,,,,,,,,,,,,,,,,,,,,,,,,,,,,,,0.61,0.88,1.11,1.27,1.34,1.37,1.39,1.42,1.48,1.49,1.50,1.52,1.52,,
,,,Skew,,,,,,,,,,,,,,,,,,,,,,,,,,,,,,,,,,,,,,,,0.00,0.00,0.00,0.00,0.00,0.00,0.00,0.00,0.00,0.00,0.00,0.00,0.00,,
,,,Mode,,,,,,,,,,,,,,,,,,,,,,,,,,,,,,,,,,,,,,,,2.20,2.28,2.34,2.36,2.49,2.38,2.32,2.24,2.22,2.20,2.18,2.16,2.14,,
,,0.50,Median,,,,,,,,,,,,,,,,,,,,,,,,,,,,,,,,,,,,,,,,2.20,2.28,2.34,2.36,2.49,2.38,2.32,2.24,2.22,2.20,2.18,2.16,2.14,,
,,,Mean,,,,,,,,,,,,,,,,,,,,,,,,,,,,,,,,,,,,,,,,2.20,2.28,2.34,2.36,2.49,2.38,2.32,2.24,2.22,2.20,2.18,2.16,2.14,,
,,,Uncertainty,,,,,,,,,,,,,,,,,,,,,,,,,,,,,,,,,,,,,,,,0.61,0.88,1.11,1.27,1.34,1.37,1.39,1.42,1.48,1.49,1.50,1.52,1.52,,
,,,Skew,,,,,,,,,,,,,,,,,,,,,,,,,,,,,,,,,,,,,,,,0.00,0.00,0.00,0.00,0.00,0.00,0.00,0.00,0.00,0.00,0.00,0.00,0.00,,
,,,Market Mode,,,,,,,,,,,,,,,,,,,,,,,,,,,,,,,,,,,,,,,,,1.83,2.08,2.05,1.86,1.80,1.72,1.73,1.82,1.87,1.89,1.89,1.90,1.91,
2014,February,Market,Market Median,,,,,,,,,,,,,,,,,,,,,,,,,,,,,,,,,,,,,,,,,1.83,2.08,2.05,1.86,1.80,1.72,1.73,1.82,1.87,1.89,1.89,1.90,1.91,
,,,Market Mean,,,,,,,,,,,,,,,,,,,,,,,,,,,,,,,,,,,,,,,,,1.83,2.08,2.05,1.86,1.80,1.72,1.73,1.82,1.87,1.89,1.89,1.90,1.91,
,,,Uncertainty,,,,,,,,,,,,,,,,,,,,,,,,,,,,,,,,,,,,,,,,,0.61,0.88,1.11,1.27,1.34,1.37,1.39,1.42,1.48,1.49,1.50,1.52,1.52,
,,,Skew,,,,,,,,,,,,,,,,,,,,,,,,,,,,,,,,,,,,,,,,,0.00,0.00,0.00,0.00,0.00,0.00,0.00,0.00,0.00,0.00,0.00,0.00,0.00,
,,,Mode,,,,,,,,,,,,,,,,,,,,,,,,,,,,,,,,,,,,,,,,,1.87,2.18,2.27,2.18,2.18,2.14,2.14,2.23,2.27,2.29,2.29,2.29,2.30,
,,0.50,Median,,,,,,,,,,,,,,,,,,,,,,,,,,,,,,,,,,,,,,,,,1.87,2.18,2.27,2.18,2.18,2.14,2.14,2.23,2.27,2.29,2.29,2.29,2.30,
,,,Mean,,,,,,,,,,,,,,,,,,,,,,,,,,,,,,,,,,,,,,,,,1.87,2.18,2.27,2.18,2.18,2.14,2.14,2.23,2.27,2.29,2.29,2.29,2.30,
,,,Uncertainty,,,,,,,,,,,,,,,,,,,,,,,,,,,,,,,,,,,,,,,,,0.61,0.88,1.11,1.27,1.34,1.37,1.39,1.42,1.48,1.49,1.50,1.52,1.52,
,,,Skew,,,,,,,,,,,,,,,,,,,,,,,,,,,,,,,,,,,,,,,,,0.00,0.00,0.00,0.00,0.00,0.00,0.00,0.00,0.00,0.00,0.00,0.00,0.00,
,,,Market Mode,,,,,,,,,,,,,,,,,,,,,,,,,,,,,,,,,,,,,,,,,,1.80,1.83,1.76,1.73,1.71,1.73,1.79,1.84,1.89,1.91,1.92,1.93,1.95
,May,Market,Market Median,,,,,,,,,,,,,,,,,,,,,,,,,,,,,,,,,,,,,,,,,,1.80,1.83,1.76,1.73,1.71,1.73,1.79,1.84,1.89,1.91,1.92,1.93,1.95
,,,Market Mean,,,,,,,,,,,,,,,,,,,,,,,,,,,,,,,,,,,,,,,,,,1.80,1.83,1.76,1.73,1.71,1.73,1.79,1.84,1.89,1.91,1.92,1.93,1.95
,,,Uncertainty,,,,,,,,,,,,,,,,,,,,,,,,,,,,,,,,,,,,,,,,,,0.61,0.88,1.11,1.27,1.34,1.37,1.39,1.42,1.48,1.49,1.50,1.52,1.52
,,,Skew,,,,,,,,,,,,,,,,,,,,,,,,,,,,,,,,,,,,,,,,,,0.00,0.00,0.00,0.00,0.00,0.00,0.00,0.00,0.00,0.00,0.00,0.00,0.00
,,,Mode,,,,,,,,,,,,,,,,,,,,,,,,,,,,,,,,,,,,,,,,,,1.85,1.94,2.00,2.09,2.13,2.21,2.25,2.30,2.35,2.36,2.37,2.38,2.39
,,0.50,Median,,,,,,,,,,,,,,,,,,,,,,,,,,,,,,,,,,,,,,,,,,1.85,1.94,2.00,2.09,2.13,2.21,2.25,2.30,2.35,2.36,2.37,2.38,2.39
,,,Mean,,,,,,,,,,,,,,,,,,,,,,,,,,,,,,,,,,,,,,,,,,1.85,1.94,2.00,2.09,2.13,2.21,2.25,2.30,2.35,2.36,2.37,2.38,2.39
,,,Uncertainty,,,,,,,,,,,,,,,,,,,,,,,,,,,,,,,,,,,,,,,,,,0.61,0.88,1.11,1.27,1.34,1.37,1.39,1.42,1.48,1.49,1.50,1.52,1.52
,,,Skew,,,,,,,,,,,,,,,,,,,,,,,,,,,,,,,,,,,,,,,,,,0.00,0.00,0.00,0.00,0.00,0.00,0.00,0.00,0.00,0.00,0.00,0.00,0.00
